state,year,total_votes,dem_votes,rep_votes,unemployment_rate,median_income,med_age,bach_per,voter_participation,voting_age_pop,Population 18-24,Population 25-44,Population 45-64,Population 65+,dem_votes_per,rep_votes_per,dem_win
ALABAMA,2000,1672551,695602.0,944409.0,4.7,60570,43.0,0.23956601410310496,60.4,3329900.0,442244,1284371,1022405,580880,0.4158928487083503,0.5646518402129442,False
ALASKA,2000,285530,79004.0,167398.0,6.3,52850,41.0,0.2842218372196503,67.7,437348.0,57670,202899,140673,36106,0.27669246664098346,0.586271144888453,False
ARIZONA,2000,1534113,685341.0,781652.0,4.0,68020,44.0,0.2683697535478562,52.5,3787172.0,519627,1514406,1081807,671332,0.4467343670251148,0.5095139667025832,False
ARKANSAS,2000,921781,422768.0,472940.0,4.2,50780,44.0,0.1924449325237744,50.5,1998210.0,263749,749201,610756,374504,0.4586425626043496,0.5130719769663293,False
CALIFORNIA,2000,10965856,5861203.0,4567429.0,4.9,80050,42.0,0.32881627514481515,57.9,24720888.0,3391356,10724282,6996801,3608449,0.5344957110507379,0.4165136766340904,True
COLORADO,2000,1741365,738227.0,883745.0,2.7,82480,41.0,0.360221325065402,57.2,3220245.0,433665,1404449,963845,418286,0.423935820462683,0.507501299268103,False
CONNECTICUT,2000,1459525,816015.0,561094.0,2.1,85780,45.0,0.30714087172345633,59.5,2569535.0,272527,1031174,795082,470752,0.5590962813244035,0.384436032270773,True
DELAWARE,2000,327529,180068.0,137288.0,3.4,86110,44.0,0.25475473747320115,64.8,591459.0,75953,236255,177082,102169,0.5497772716309091,0.4191628832866708,True
DISTRICT OF COLUMBIA,2000,201894,171923.0,18073.0,5.7,70480,41.0,0.33785944003026863,71.7,457543.0,73084,188950,125745,69764,0.8515508137933767,0.08951727143946824,True
FLORIDA,2000,5960660,2911417.0,2911215.0,3.7,66440,45.0,0.25406422492812275,59.6,12392635.0,1341695,4574160,3664625,2812155,0.4884386963859707,0.48840480752131477,True
GEORGIA,2000,2596804,1116230.0,1419720.0,3.5,71640,41.0,0.2686066064152533,50.9,6050727.0,844819,2656884,1760584,788440,0.42984761268081845,0.5467181966756058,False
HAWAII,2000,367871,205242.0,137819.0,4.2,88130,44.0,0.30260085164260714,44.1,918167.0,116069,361421,279562,161115,0.557918400743739,0.37463947960018595,True
IDAHO,2000,501621,138637.0,336937.0,4.6,64310,43.0,0.259135176423161,56.1,929000.0,139787,362462,280293,146458,0.2763779825804741,0.6716963603995846,False
ILLINOIS,2000,4742123,2589026.0,2019421.0,4.5,78760,42.0,0.28598193979193237,62.0,9189217.0,1216712,3787941,2683910,1500654,0.5459634851310268,0.42584745271263524,True
INDIANA,2000,2199305,901980.0,1245836.0,3.0,69870,43.0,0.19250291091616986,59.6,4516877.0,618678,1787894,1356493,753812,0.4101204698757107,0.5664680433136832,False
IOWA,2000,1315563,638517.0,634373.0,2.7,70090,45.0,0.22296381994453948,67.4,2195730.0,299309,805939,654102,436380,0.4853564595538184,0.48220647737888644,True
KANSAS,2000,1072216,399276.0,622332.0,3.7,70200,43.0,0.275183229385115,61.7,1979794.0,276874,767825,578567,356528,0.3723839226424526,0.580416632469577,False
KENTUCKY,2000,1544187,638898.0,872492.0,4.2,62010,43.0,0.17291285923797595,56.4,3054037.0,404122,1207861,936459,505595,0.4137439312725726,0.5650170607575378,False
LOUISIANA,2000,1765656,792344.0,927871.0,5.1,52520,42.0,0.2323770623872132,65.7,3254215.0,476115,1289109,971272,517719,0.44875332454339917,0.5255106317425365,False
MAINE,2000,651817,319951.0,286616.0,3.3,63720,46.0,0.2369208723299449,70.1,975665.0,104441,369562,317949,183713,0.4908601647394898,0.43971850994987854,True
MARYLAND,2000,2025480,1145782.0,813797.0,3.6,93240,43.0,0.2813309172363713,61.1,3954073.0,454223,1663110,1235297,601443,0.5656841835021822,0.4017798250291289,True
MASSACHUSETTS,2000,2702984,1616487.0,878502.0,2.8,79940,43.0,0.299156720938073,65.3,4859770.0,582419,1986325,1430128,860898,0.5980379462105584,0.3250119127601199,True
MICHIGAN,2000,4232711,2170418.0,1953139.0,3.6,77820,43.0,0.24569261860178113,62.4,7356336.0,936873,2952464,2245700,1221299,0.5127725469563124,0.46143925252633594,True
MINNESOTA,2000,2438685,1168266.0,1109659.0,3.1,92760,43.0,0.31218652464345226,69.8,3643977.0,473390,1496022,1079183,595382,0.479055720603522,0.4550235065209324,True
MISSISSIPPI,2000,994926,404964.0,573230.0,5.3,58640,43.0,0.24033102086533822,60.6,2074000.0,312494,805410,612078,344018,0.4070292664982119,0.5761534023635929,False
MISSOURI,2000,2359892,1111138.0,1189924.0,3.4,77110,44.0,0.24902302955167163,66.7,4178902.0,539169,1623972,1259530,756231,0.47084273348102373,0.5042281595937441,False
MONTANA,2000,410986,137126.0,240178.0,4.8,56040,46.0,0.309052963630421,62.9,673706.0,86160,244578,221680,121288,0.3336512679264014,0.584394602249225,False
NEBRASKA,2000,697019,231780.0,433862.0,2.8,71380,44.0,0.28288545937188625,60.3,1263440.0,175138,486133,369739,232430,0.33253039013283714,0.6224536203460738,False
NEVADA,2000,608970,279978.0,301575.0,4.2,78240,42.0,0.2087594984466466,52.1,1502723.0,182316,632738,466071,221598,0.45975663825804225,0.4952214394797773,False
NEW HAMPSHIRE,2000,569081,266348.0,273559.0,2.7,87070,44.0,0.2827635087245604,66.6,929530.0,103843,380967,296339,148381,0.46803179160787306,0.4807030985044308,False
NEW JERSEY,2000,3187226,1788850.0,1284173.0,3.7,86180,43.0,0.31003649781047427,61.8,6341736.0,679480,2621571,1926315,1114370,0.5612560891508792,0.40291243859079967,True
NEW MEXICO,2000,598605,286783.0,286417.0,5.0,60000,43.0,0.24898552943878724,54.4,1313072.0,178009,514911,406829,213323,0.47908554054844177,0.47847411899332615,True
NEW YORK,2000,6821999,4107697.0,2403374.0,4.5,69660,43.0,0.26147053865379527,59.0,14314406.0,1770901,5823214,4266829,2453462,0.602125124908403,0.35229761833738177,True
NORTH CAROLINA,2000,2911262,1257692.0,1631163.0,3.8,65510,42.0,0.27948291001872194,56.1,6113988.0,814559,2502030,1824912,972487,0.4320092111256218,0.5602941267395377,False
NORTH DAKOTA,2000,288267,95284.0,174852.0,2.9,61550,42.0,0.28967498818481047,70.4,481546.0,73369,174094,139498,94585,0.33054078337097204,0.6065626658618573,False
OHIO,2000,4705457,2186190.0,2351209.0,4.1,73460,44.0,0.2283602941899345,59.2,8476958.0,1062598,3313221,2591732,1509407,0.46460736969862865,0.4996770770618029,False
OKLAHOMA,2000,1234229,474276.0,744337.0,3.0,55450,44.0,0.254220967723045,59.6,2562518.0,358278,972426,775244,456570,0.38426904569573395,0.603078521084823,False
OREGON,2000,1533968,720342.0,713577.0,5.2,72660,45.0,0.28736860321305924,66.6,2582197.0,329918,996147,817150,438982,0.4695938898334255,0.46518375872247664,True
PENNSYLVANIA,2000,4912185,2485967.0,2281127.0,4.2,72110,45.0,0.2143152869105775,57.4,9365323.0,1099628,3495003,2852524,1918168,0.5060817131276611,0.4643813292862545,True
RHODE ISLAND,2000,409112,249508.0,130555.0,4.0,72150,43.0,0.2687079639870298,63.5,802203.0,107167,310069,232537,152430,0.6098770018967911,0.31911799213907194,True
SOUTH CAROLINA,2000,1383777,566039.0,786426.0,3.7,64240,42.0,0.273283871731793,59.5,3013582.0,411181,1184456,930738,487207,0.40905362641523885,0.5683184501549021,False
SOUTH DAKOTA,2000,316269,118804.0,190700.0,2.5,62370,43.0,0.2598057174971633,59.2,553163.0,78009,205892,161066,108196,0.37564225390411327,0.6029677268401266,False
TENNESSEE,2000,2076181,981720.0,1061949.0,3.8,58300,43.0,0.24843122318808958,53.7,4304034.0,552574,1715304,1330776,705380,0.4728489471775341,0.5114915318076796,False
TEXAS,2000,6407637,2433746.0,3799639.0,4.4,66010,42.0,0.30501968543133534,54.1,15038198.0,2213745,6495058,4248352,2081043,0.37981958091571044,0.5929859946810345,False
UTAH,2000,770754,203053.0,515096.0,3.3,81300,40.0,0.30629862349292253,60.2,1522816.0,319748,627787,384055,191226,0.26344722181136915,0.6683014295092857,False
VERMONT,2000,294308,149022.0,119775.0,2.8,67700,46.0,0.23857737669436344,64.2,462069.0,56798,175916,151661,77694,0.5063470921619528,0.4069716079753184,True
VIRGINIA,2000,2737915,1216422.0,1436877.0,2.3,80640,42.0,0.32562912221153417,60.3,5364397.0,685504,2237682,1646015,795196,0.44428771528699756,0.5248070155574589,False
WASHINGTON,2000,2488441,1247652.0,1108864.0,5.1,72710,44.0,0.31021493871422656,62.0,4394151.0,563285,1814246,1352848,663772,0.5013789758326599,0.44560590345521556,True
WEST VIRGINIA,2000,648124,295497.0,336475.0,5.6,50290,44.0,0.13566211104716255,52.4,1405959.0,173008,498535,457356,277060,0.4559266436669526,0.5191521992705099,False
WISCONSIN,2000,2598607,1242987.0,1237279.0,3.4,77090,44.0,0.2505015557850119,70.1,4003559.0,522855,1578869,1198488,703347,0.47832819660687437,0.4761316351414431,True
WYOMING,2000,218351,60481.0,147947.0,3.8,67760,43.0,0.300805260130601,62.9,365526.0,50139,138145,119358,57884,0.27698980082527674,0.6775650214562791,False
ALABAMA,2004,1883415,693933.0,1176394.0,5.6,57810,44.0,0.23895307622843304,63.2,3417067.0,457934,1231571,1133736,593826,0.36844402322377173,0.6246068975770077,False
ALASKA,2004,488693,180365.0,292267.0,7.4,55060,43.0,0.28902208892857745,67.6,472951.0,71882,189864,169057,42148,0.3690762912503351,0.5980584948014398,False
ARIZONA,2004,2012585,893524.0,1104294.0,5.0,69200,44.0,0.27014516389854104,63.8,4167950.0,571196,1580090,1286040,730624,0.44396832928795554,0.5486943408601376,False
ARKANSAS,2004,1053694,468631.0,572770.0,5.6,55210,44.0,0.20813301162115397,58.7,2066520.0,275779,736873,673738,380130,0.4447505632565052,0.5435828618175675,False
CALIFORNIA,2004,12383678,6737355.0,5501496.0,6.2,77690,43.0,0.33767590029655015,61.9,26156079.0,3661991,10675493,8035211,3783384,0.5440512099878566,0.44425379923476693,True
COLORADO,2004,2129630,1001732.0,1101255.0,5.6,80310,43.0,0.343619327524823,67.5,3428644.0,471390,1381778,1125413,450063,0.47037842254288303,0.5171109535459211,False
CONNECTICUT,2004,1578769,857488.0,693826.0,5.0,86960,45.0,0.2910341554472263,63.2,2647115.0,298738,976914,896836,474627,0.543137089719902,0.4394727791082799,True
DELAWARE,2004,375170,200141.0,171651.0,4.0,75830,45.0,0.2666617325981571,66.4,631172.0,82812,232563,206390,109407,0.5334674947357199,0.4575285870405416,True
DISTRICT OF COLUMBIA,2004,227586,202970.0,21256.0,7.5,68580,40.0,0.3448997600037513,69.2,457998.0,72344,186503,132297,66854,0.8918386895503239,0.09339766066454,True
FLORIDA,2004,7609810,3583544.0,3964522.0,4.6,63980,46.0,0.26484764408386685,64.3,13524584.0,1573346,4693728,4325200,2932310,0.4709111002771423,0.5209751623233695,False
GEORGIA,2004,3298790,1366149.0,1914254.0,4.8,64680,42.0,0.28679171081405047,56.8,6460397.0,904353,2674993,2038368,842683,0.4141363954662164,0.5802897426025907,False
HAWAII,2004,428555,231335.0,194116.0,3.3,88770,45.0,0.2978637953378714,50.8,975466.0,128434,351586,324979,170467,0.5398023590904318,0.4529546965967029,True
IDAHO,2004,598376,181098.0,409235.0,4.9,70010,44.0,0.2709837449650095,61.6,1007110.0,152372,368918,326759,159061,0.3026491704212736,0.6839094482399026,False
ILLINOIS,2004,5275415,2891989.0,2346608.0,6.2,72720,44.0,0.28837434524820066,65.6,9378174.0,1253340,3634054,2979461,1511319,0.5482012315618772,0.4448196018701846,True
INDIANA,2004,2468002,969011.0,1479438.0,5.4,66810,45.0,0.21431219693842032,58.6,4646726.0,642292,1720907,1514290,769237,0.39262974665336575,0.5994476503665718,False
IOWA,2004,1506908,741898.0,751957.0,4.5,68480,45.0,0.25186996774937376,71.3,2234927.0,315079,759650,724776,435422,0.4923313168421695,0.4990065750530225,False
KANSAS,2004,1187756,434993.0,736456.0,5.5,64810,45.0,0.2945341770953565,64.2,2028917.0,296216,724588,652367,355746,0.3662309430556444,0.620039806155473,False
KENTUCKY,2004,1795860,712733.0,1069439.0,5.5,56200,44.0,0.19252408665493276,65.0,3147642.0,417231,1167552,1044090,518769,0.3968755916385464,0.5955024333745392,False
LOUISIANA,2004,1943106,820299.0,1102169.0,5.7,57500,44.0,0.2460370990759327,64.2,3369507.0,506373,1241246,1092639,529249,0.4221586470321228,0.5672202134108999,False
MAINE,2004,686510,364153.0,308997.0,4.7,65230,46.0,0.2582383658773563,73.1,1018897.0,115063,349636,364393,189805,0.5304409258423038,0.4500983234038834,True
MARYLAND,2004,2386678,1334493.0,1024703.0,4.3,90120,44.0,0.29639253726366044,65.6,4163485.0,508100,1620262,1404618,630505,0.5591424565861,0.4293427936236057,True
MASSACHUSETTS,2004,2912388,1803800.0,1071109.0,5.1,82100,44.0,0.3117554085122672,68.6,4932740.0,617664,1867029,1597141,850906,0.619354289332328,0.36777688961772953,True
MICHIGAN,2004,4839252,2479183.0,2313746.0,7.0,66690,45.0,0.24452725283026275,67.1,7502001.0,987400,2754780,2512778,1247043,0.5123070672905647,0.4781205855781017,True
MINNESOTA,2004,2827850,1444751.0,1346451.0,4.6,88550,44.0,0.32113223883142356,79.2,3805767.0,513913,1438206,1239429,614219,0.5109008610782043,0.4761394699153067,True
MISSISSIPPI,2004,1114859,440034.0,666295.0,6.2,54850,44.0,0.22476945037948606,61.7,2128600.0,318565,775580,683135,351320,0.39469923999357764,0.5976495682413651,False
MISSOURI,2004,2731364,1259171.0,1455713.0,5.9,66500,45.0,0.24571852299050456,68.5,4326785.0,583646,1560550,1415041,767548,0.46100446516831883,0.5329619193926551,False
MONTANA,2004,450434,173710.0,266063.0,4.5,53590,47.0,0.3056161051249442,70.2,708010.0,97456,229675,253603,127276,0.3856502839483698,0.5906814316858852,False
NEBRASKA,2004,778186,254328.0,512814.0,3.9,69110,45.0,0.2793094062844652,65.3,1301010.0,188301,464418,416161,232130,0.3268216082016382,0.6589864119889075,False
NEVADA,2004,829587,397190.0,418690.0,4.4,74500,44.0,0.21004840743323794,58.9,1754908.0,211757,701910,577519,263722,0.4787804051895702,0.504696915453111,False
NEW HAMPSHIRE,2004,677662,340511.0,331237.0,3.8,89670,45.0,0.3000092697178916,71.5,980878.0,117460,361463,346086,155869,0.5024791120056902,0.4887938234695173,True
NEW JERSEY,2004,3609691,1911430.0,1668003.0,4.9,87240,45.0,0.31232436613624875,66.0,6505510.0,715500,2520242,2150468,1119300,0.5295273196514605,0.46209024539773624,True
NEW MEXICO,2004,756304,370942.0,376930.0,5.6,62440,45.0,0.24537453254259056,64.4,1402624.0,201894,502867,467467,230396,0.490466796420487,0.498384247604138,False
NEW YORK,2004,7391036,4180755.0,2806993.0,5.8,70470,44.0,0.2669059295010706,60.2,14597502.0,1847979,5583555,4677744,2488224,0.5656520953219548,0.37978342954898336,True
NORTH CAROLINA,2004,3501007,1525849.0,1961166.0,5.5,63510,44.0,0.2805806365370827,61.4,6467987.0,841493,2489901,2100051,1036542,0.435831462205017,0.5601719733779452,False
NORTH DAKOTA,2004,312833,111052.0,196651.0,3.4,61900,45.0,0.28470968727118956,71.5,495577.0,85049,159374,156845,94309,0.3549881246543683,0.6286133496146507,False
OHIO,2004,5625631,2739952.0,2858727.0,6.2,67950,45.0,0.22834179709421706,66.1,8616183.0,1099582,3115878,2878431,1522292,0.48704794182199296,0.5081611289471349,False
OKLAHOMA,2004,1463758,503966.0,959792.0,4.7,62520,45.0,0.2599685912693544,62.3,2643627.0,386493,936143,857898,463093,0.3442959833524394,0.6557040166475606,False
OREGON,2004,1836782,943163.0,866831.0,7.4,64700,45.0,0.2988232979537677,74.0,2722677.0,348770,981831,930622,461454,0.5134866304221187,0.47192916742433233,True
PENNSYLVANIA,2004,5765764,2938095.0,2793847.0,5.4,69610,46.0,0.2276436746596594,64.5,9537597.0,1173247,3294544,3179667,1890139,0.5095760076201523,0.48455798745838363,True
RHODE ISLAND,2004,436289,259760.0,169046.0,5.3,75650,45.0,0.26797174281107833,63.7,828351.0,115173,299215,264260,149703,0.5953851690049485,0.3874633557114665,True
SOUTH CAROLINA,2004,1617730,661699.0,937974.0,6.9,61070,44.0,0.2737524196807033,63.2,3181810.0,435193,1168196,1058888,519533,0.4090293188603784,0.5798087443516532,False
SOUTH DAKOTA,2004,388215,149244.0,232584.0,3.6,64880,45.0,0.2695364130876025,68.3,573592.0,84773,195250,184815,108754,0.38443645917854796,0.5991113171824891,False
TENNESSEE,2004,2430494,1032910.0,1381225.0,5.3,60090,44.0,0.24404852905606078,54.6,4477466.0,575572,1675964,1489245,736685,0.42497944862237885,0.5682898209170646,False
TEXAS,2004,7410749,2832704.0,4526917.0,6.0,65340,42.0,0.31243511506031935,57.1,16185764.0,2420595,6589095,4966889,2209185,0.3822426046274135,0.6108582276906154,False
UTAH,2004,927844,241199.0,663742.0,5.0,80290,40.0,0.32020519381157536,67.8,1649809.0,328927,663806,451220,205856,0.25995641508701894,0.7153594785330293,False
VERMONT,2004,312309,184067.0,121180.0,3.6,74700,46.0,0.2777877269394389,67.3,478852.0,63919,161932,172742,80259,0.5893746257712714,0.38801315363950445,True
VIRGINIA,2004,3198367,1454742.0,1716959.0,3.7,80710,44.0,0.3064638096598418,63.1,5673617.0,753770,2192025,1884311,843511,0.4548389850195428,0.5368236353113949,False
WASHINGTON,2004,2859084,1510201.0,1304894.0,6.3,78790,44.0,0.32651657213304075,67.6,4657894.0,617717,1771863,1569307,699007,0.5282114831183694,0.45640281992414355,True
WEST VIRGINIA,2004,755659,326541.0,423550.0,5.4,52670,46.0,0.16781188536199063,57.2,1424582.0,173667,472377,498597,279941,0.4321274543147107,0.5605041427416335,False
WISCONSIN,2004,2997007,1489504.0,1478120.0,5.0,72180,45.0,0.25408069849305165,76.6,4159383.0,563471,1510765,1366856,718291,0.49699717084411216,0.49319871458425024,True
WYOMING,2004,243428,70776.0,167629.0,3.8,71650,46.0,0.27031255297610685,66.9,385132.0,56968,129628,137360,61176,0.2907471613783131,0.6886184005126773,False
ALABAMA,2008,2099819,813479.0,1266546.0,5.9,62350,46.0,0.23390689220808591,62.4,3583279.0,470431,1231410,1244494,636944,0.38740434294574916,0.603169130291706,False
ALASKA,2008,326197,123594.0,193841.0,6.5,63990,44.0,0.27007734407150574,65.0,504331.0,75206,189673,189130,50322,0.37889373599389325,0.5942451953880631,False
ARIZONA,2008,2293475,1034707.0,1230111.0,5.8,65770,45.0,0.28065459589350517,59.9,4651711.0,621451,1690369,1507727,832164,0.4511525087476428,0.5363524782262724,False
ARKANSAS,2008,1086617,422310.0,638017.0,5.4,55500,46.0,0.21349388344447456,53.8,2168829.0,278835,745354,737074,407566,0.3886465976512423,0.5871590449992959,False
CALIFORNIA,2008,13561900,8274473.0,5011781.0,7.3,79930,43.0,0.3295019811629596,63.4,27282716.0,3812579,10505976,8907401,4056760,0.6101263834713425,0.36954858832464477,True
COLORADO,2008,2401361,1288576.0,1073589.0,4.8,85440,44.0,0.35075681032137723,68.4,3686441.0,481504,1404254,1286548,514135,0.5366023684069159,0.4470752210933716,True
CONNECTICUT,2008,1647085,1000291.0,628041.0,5.6,90680,46.0,0.2907895275894561,67.2,2718953.0,320268,923555,982536,492594,0.6073098838250607,0.3813045471241618,True
DELAWARE,2008,412412,255459.0,152374.0,4.8,71080,46.0,0.24734794623453973,67.3,677758.0,88587,230357,235098,123716,0.6194266898150393,0.36947033548975294,True
DISTRICT OF COLUMBIA,2008,265853,245800.0,17367.0,6.5,77930,40.0,0.3234211711361978,74.1,477979.0,81763,192899,136532,66785,0.9245710975614343,0.06532557465968035,True
FLORIDA,2008,8391639,4282366.0,4046212.0,6.3,62890,47.0,0.26561290761963136,63.8,14508933.0,1717154,4764109,4892666,3135004,0.5103134202984662,0.48217183794488777,True
GEORGIA,2008,3925278,1844137.0,2048744.0,6.4,64810,43.0,0.2834580158363839,64.2,7025746.0,948921,2758599,2345888,972338,0.4698105459027361,0.5219360259324308,False
HAWAII,2008,452742,325201.0,120429.0,4.1,86250,45.0,0.2895195605150453,51.8,1031119.0,128537,358796,359325,184461,0.7182920957189746,0.2659991783399817,True
IDAHO,2008,655032,236440.0,403012.0,5.0,66480,45.0,0.2763115585347152,61.4,1111973.0,155327,396766,376702,183178,0.36095946457577643,0.6152554379022704,False
ILLINOIS,2008,5523051,3419673.0,2031527.0,6.5,74660,44.0,0.2926794889257041,62.6,9593637.0,1245766,3537433,3240921,1569517,0.6191637556850371,0.3678269492713357,True
INDIANA,2008,2751054,1374039.0,1345648.0,5.9,65220,46.0,0.22247420291588338,60.5,4813312.0,643543,1690585,1661552,817632,0.4994591163968428,0.4891390717884854,True
IOWA,2008,1536820,828940.0,682379.0,4.1,70300,47.0,0.2506012444034814,70.2,2291076.0,307267,746335,790684,446790,0.539386525422626,0.4440201194674718,True
KANSAS,2008,1235872,514765.0,699655.0,4.6,67120,46.0,0.3007271657934529,63.3,2093387.0,292316,717210,716536,367325,0.41651967194013617,0.5661225434349189,False
KENTUCKY,2008,1826508,751985.0,1048462.0,6.5,57690,45.0,0.20063792540898442,63.1,3267877.0,407552,1152941,1146722,560662,0.411706381795207,0.5740254080463923,False
LOUISIANA,2008,1959085,781574.0,1148015.0,4.7,55460,45.0,0.23236174114467714,70.3,3326858.0,469138,1169750,1150107,537863,0.3989484887077386,0.5859955030026772,False
MAINE,2008,731163,421923.0,295273.0,5.4,66210,48.0,0.2409321105403978,71.2,1048305.0,117246,326952,400769,203338,0.5770573729797597,0.40384018337908234,True
MARYLAND,2008,2631596,1629467.0,959862.0,4.3,89320,45.0,0.29907987765541133,68.3,4325751.0,543624,1569212,1534657,678258,0.6191934476264593,0.364745196451127,True
MASSACHUSETTS,2008,3081336,1904103.0,1108885.0,5.3,84560,45.0,0.3107717938469657,67.1,5039240.0,661626,1754618,1745822,877174,0.6179472151040977,0.35987149729857437,True
MICHIGAN,2008,5001766,2872579.0,2048639.0,8.2,69800,46.0,0.24408508529275613,67.8,7528010.0,970359,2537217,2699413,1321021,0.5743129526651187,0.4095831352366344,True
MINNESOTA,2008,2910369,1573354.0,1275409.0,5.4,77000,45.0,0.31625178733204534,75.0,3962839.0,512238,1405692,1386084,658825,0.5406029269827984,0.43822931044139074,True
MISSISSIPPI,2008,1285259,554662.0,724497.0,6.7,51090,44.0,0.220512958568731,69.7,2187234.0,304997,767502,744419,370316,0.4315565967637651,0.5636972781361578,False
MISSOURI,2008,2925205,1441911.0,1445814.0,6.1,64540,46.0,0.25037379875374366,65.8,4494971.0,586722,1532837,1563077,812335,0.49292647865705136,0.49426074411878823,False
MONTANA,2008,496072,232156.0,243860.0,4.7,60140,48.0,0.28488440733914006,65.4,752601.0,97094,233215,281961,140331,0.46798851779580386,0.4915818671483172,False
NEBRASKA,2008,801281,333319.0,452979.0,3.2,71120,46.0,0.28536585698187916,67.3,1342591.0,184622,459084,458137,240748,0.415982657769247,0.5653185336979162,False
NEVADA,2008,967848,533736.0,412827.0,6.9,76750,45.0,0.24868173150721254,59.9,1991009.0,244687,774847,668457,303018,0.551466759243187,0.42654115108984053,True
NEW HAMPSHIRE,2008,710970,384826.0,316534.0,3.8,92770,46.0,0.2976772849744893,71.2,1019877.0,122815,335808,389896,171358,0.5412689705613458,0.44521428470962204,True
NEW JERSEY,2008,3838498,2215422.0,1613207.0,5.4,91550,45.0,0.31142338057647717,64.1,6634724.0,751070,2389516,2336233,1157905,0.5771585656681337,0.42027037659000993,True
NEW MEXICO,2008,830158,472422.0,346832.0,4.4,59020,46.0,0.24523630321500692,62.6,1499448.0,201729,508578,530767,258374,0.5690748026279335,0.4177903483433274,True
NEW YORK,2008,7591233,4769700.0,2742298.0,5.4,70740,45.0,0.27378277661531786,58.8,14840266.0,1936825,5324739,5019433,2559269,0.6283169018787857,0.3612453997921023,True
NORTH CAROLINA,2008,4310789,2142651.0,2128474.0,5.9,60180,45.0,0.28004444280044444,67.5,7057348.0,910643,2570907,2405101,1170697,0.49704381262919617,0.49375508752574065,True
NORTH DAKOTA,2008,316621,141278.0,168601.0,3.0,69580,45.0,0.2995177281935286,67.5,510107.0,82307,159328,172687,95785,0.44620540014717913,0.5325010027761898,False
OHIO,2008,5698048,2933388.0,2674491.0,6.6,65800,46.0,0.23043100137119613,65.5,8746423.0,1089460,2959430,3108404,1589129,0.5148057720819481,0.4693696858994519,True
OKLAHOMA,2008,1462661,502496.0,960165.0,3.6,64640,46.0,0.24722755234494045,58.7,2758359.0,378846,949236,940042,490235,0.343549188773065,0.656450811226935,False
OREGON,2008,1827864,1037291.0,738475.0,6.3,72520,46.0,0.29310379503748324,67.6,2903084.0,356879,1012559,1025602,508044,0.5674880625692065,0.40400981692292204,True
PENNSYLVANIA,2008,5977981,3266523.0,2649934.0,5.4,72060,47.0,0.23133365080206453,62.4,9791281.0,1231877,3173801,3456191,1929412,0.5464257915841486,0.44328243933863287,True
RHODE ISLAND,2008,471766,296571.0,165391.0,7.6,74640,45.0,0.28643405803661126,67.4,825205.0,118410,272611,284482,149702,0.6286400461245617,0.35057846474735355,True
SOUTH CAROLINA,2008,1920969,862449.0,1034896.0,6.9,59100,45.0,0.24494949494949494,65.6,3454880.0,462550,1196665,1198687,596978,0.4489656001736624,0.5387364397863786,False
SOUTH DAKOTA,2008,377708,170924.0,203054.0,3.1,72340,47.0,0.2597700948874756,67.8,599276.0,82232,195036,208133,113875,0.45252946720747245,0.5375951793448908,False
TENNESSEE,2008,2600124,1087437.0,1479178.0,6.5,55660,45.0,0.24130422874671342,55.5,4753057.0,589192,1691716,1655153,816996,0.4182250538820456,0.5688874838276944,False
TEXAS,2008,8077795,3528633.0,4479328.0,4.9,65180,43.0,0.2995986387652035,56.1,17633122.0,2511528,6921332,5736274,2463988,0.4368312144588963,0.5545236045232641,False
UTAH,2008,952370,327670.0,596030.0,3.3,87670,40.0,0.31363483452281593,53.1,1825771.0,319576,746850,524154,235191,0.3440574566607516,0.6258386971450172,False
VERMONT,2008,325046,219262.0,98974.0,4.5,71090,48.0,0.283457287986008,64.7,491551.0,65116,151259,187934,87242,0.6745568319560924,0.30449228724549754,True
VIRGINIA,2008,3723260,1959532.0,1725005.0,4.1,86900,44.0,0.30678948522348143,68.7,5995135.0,792590,2189453,2082718,930374,0.5262946987317566,0.46330500690255316,True
WASHINGTON,2008,3036878,1750848.0,1229216.0,5.2,79390,45.0,0.3144571501858933,66.8,5001929.0,642409,1819408,1762619,777493,0.5765289221364835,0.40476304942114893,True
WEST VIRGINIA,2008,713451,303857.0,397466.0,4.5,53260,47.0,0.16349978909934051,53.4,1450100.0,166170,463268,528748,291914,0.42589750382296754,0.5571034310695478,False
WISCONSIN,2008,2983417,1677211.0,1262393.0,4.9,71780,46.0,0.2521589015572903,71.2,4295423.0,555711,1462682,1521168,755862,0.5621778651794235,0.4231366248834809,True
WYOMING,2008,256035,82868.0,164958.0,3.0,74770,46.0,0.24022412861759887,64.3,414532.0,56979,138230,152645,66678,0.323658874763216,0.6442791024664597,False
ALABAMA,2012,2070353,795696.0,1255925.0,8.2,57430,46.0,0.5048135154558623,61.9,3699663.0,485538,1225621,1290419,698085,0.3843286627932531,0.6066236047669166,False
ALASKA,2012,300495,122640.0,164676.0,7.1,63650,46.0,0.5127349828923207,58.4,542313.0,77789,203664,198416,62444,0.40812659112464433,0.5480157739729447,False
ARIZONA,2012,2299254,1025232.0,1233654.0,8.4,62160,47.0,0.5106465864391349,55.9,4939075.0,663357,1704359,1601411,969948,0.44589766941799386,0.536545331659747,False
ARKANSAS,2012,1069468,394409.0,647744.0,7.2,51550,45.0,0.5300040383984385,53.3,2241551.0,290978,747540,760659,442374,0.36878990301720105,0.6056693608410911,False
CALIFORNIA,2012,13038547,7854285.0,4839958.0,10.4,75340,45.0,0.5399313606304502,57.5,28750033.0,4004175,10634120,9522096,4589642,0.6023895914168964,0.371203785207048,True
COLORADO,2012,2569217,1322998.0,1185050.0,8.0,75650,45.0,0.5522175686716478,70.4,3957199.0,502313,1476052,1367509,611325,0.5149421010370085,0.461249477953789,True
CONNECTICUT,2012,1558803,905083.0,634892.0,8.4,84880,47.0,0.501898886209738,62.7,2800510.0,341657,889488,1033473,535892,0.5806269297659807,0.40729457153982895,True
DELAWARE,2012,413937,242584.0,165484.0,7.0,64700,47.0,0.5092029374535174,67.3,711290.0,92791,227561,250139,140799,0.5860408709537925,0.39978064294808147,True
DISTRICT OF COLUMBIA,2012,293764,267070.0,21381.0,8.9,86200,36.0,0.49070929694366294,75.9,528072.0,81596,229890,143899,72687,0.9091311392818725,0.07278291417600523,True
FLORIDA,2012,8474179,4237756.0,4163447.0,8.7,60870,48.0,0.511816233981152,60.8,15293175.0,1782712,4808569,5194476,3507418,0.5000786506869869,0.49130977761975525,True
GEORGIA,2012,3900050,1773827.0,2078688.0,9.0,63580,44.0,0.5431212362941685,61.9,7418788.0,1009956,2734505,2535422,1138905,0.45482160485121986,0.5329900898706427,False
HAWAII,2012,434221,306266.0,120937.0,5.8,74340,47.0,0.5312488237354975,51.6,1087699.0,133537,372605,369394,212163,0.705322865545425,0.27851485764161565,True
IDAHO,2012,652274,212787.0,420911.0,7.5,63320,47.0,0.5289556079505121,63.9,1167926.0,156291,405181,394450,212004,0.3262233355920978,0.6452978349589283,False
ILLINOIS,2012,5241891,3019512.0,2135102.0,9.0,68360,44.0,0.5323362250456694,61.5,9823144.0,1256475,3481060,3383436,1702173,0.5760348698589879,0.4073152226934898,True
INDIANA,2012,2624534,1152887.0,1420543.0,8.2,60980,44.0,0.5033055795987443,59.3,4948883.0,666778,1660592,1732630,888883,0.43927302904058396,0.5412553238022445,False
IOWA,2012,1582180,822544.0,730617.0,5.0,70610,44.0,0.5072202844188083,69.4,2351952.0,317105,748994,816358,469495,0.5198801653414908,0.46177868510536096,True
KANSAS,2012,1156254,439908.0,689809.0,5.7,66060,45.0,0.5483067676118503,63.3,2159429.0,297167,729141,739117,394004,0.38045965678821436,0.5965895036903656,False
KENTUCKY,2012,1797212,679370.0,1087190.0,8.2,54280,44.0,0.47807216660919716,59.3,3369097.0,427993,1134173,1192398,614533,0.37801327834445797,0.6049314159932162,False
LOUISIANA,2012,1994065,809141.0,1152262.0,6.7,51640,45.0,0.5728455160458562,66.3,3487895.0,475423,1214717,1201599,596156,0.4057746362330215,0.5778457572847425,False
MAINE,2012,713180,401306.0,292276.0,7.2,64950,49.0,0.5069647325665964,68.6,1062933.0,116310,309214,411360,226049,0.5626994587621639,0.40982080260242854,True
MARYLAND,2012,2707327,1677844.0,971869.0,6.9,94910,46.0,0.5051629814845026,65.1,4540807.0,564898,1576277,1635099,764533,0.6197419077931849,0.3589773233894539,True
MASSACHUSETTS,2012,3167767,1921290.0,1188314.0,6.7,84100,45.0,0.5062356619135442,70.8,5260557.0,694540,1750864,1855693,959460,0.6065124107928392,0.37512670597300873,True
MICHIGAN,2012,4730961,2564569.0,2115256.0,9.1,66080,46.0,0.48924205275238547,66.8,7625204.0,1011506,2394343,2776205,1443150,0.5420820421051875,0.4471091602742022,True
MINNESOTA,2012,2936561,1546167.0,1320225.0,5.7,81640,44.0,0.5403689889860045,73.2,4099798.0,506356,1403210,1462121,728111,0.5265230315324626,0.4495820110666865,True
MISSISSIPPI,2012,1285584,562949.0,710746.0,8.8,48410,45.0,0.47886638907671686,74.5,2242590.0,312264,760293,766789,403244,0.4378935954398935,0.5528584674358112,False
MISSOURI,2012,2757312,1223796.0,1482440.0,7.1,65750,45.0,0.5213089963697054,63.9,4620893.0,595425,1524202,1617866,883400,0.4438366060859272,0.5376395562054639,False
MONTANA,2012,483932,201839.0,267928.0,5.8,59570,48.0,0.5649561207794139,65.7,781251.0,98539,239216,286082,157414,0.41708132547548005,0.5536480331947463,False
NEBRASKA,2012,794379,302081.0,475064.0,3.9,68960,44.0,0.5386198969256716,61.6,1391097.0,185748,472586,475374,257389,0.38027314417928976,0.5980319217904804,False
NEVADA,2012,1014918,531373.0,463567.0,11.5,62540,47.0,0.5272784226718967,57.9,2089026.0,250959,769868,707161,361038,0.5235624947040056,0.4567531564126363,True
NEW HAMPSHIRE,2012,710931,369561.0,329918.0,5.5,89600,47.0,0.5157926524547493,69.4,1048284.0,127888,316345,409471,194580,0.5198268186364078,0.464064726393982,True
NEW JERSEY,2012,3640292,2125101.0,1477568.0,9.4,88110,45.0,0.5624781263051929,61.9,6816749.0,784178,2313603,2464767,1254201,0.5837721259723121,0.40589271410095673,True
NEW MEXICO,2012,783758,415335.0,335788.0,6.9,57370,49.0,0.45798854992813864,61.6,1574164.0,210824,523067,545835,294438,0.5299276052046678,0.4284332663909013,True
NEW YORK,2012,7061925,4324228.0,2223397.0,8.6,63000,44.0,0.48751033859611775,58.7,15308682.0,1990441,5294451,5256215,2767575,0.6123299242062186,0.31484290756415567,True
NORTH CAROLINA,2012,4505372,2178391.0,2270395.0,9.6,54900,45.0,0.5273231682704936,68.9,7471022.0,973563,2580112,2572074,1345273,0.48350968577067555,0.5039306410214295,False
NORTH DAKOTA,2012,322932,124966.0,188320.0,2.9,73680,43.0,0.5260002110026141,63.9,544834.0,87164,176382,180506,100782,0.38697310888979725,0.5831568255855722,False
OHIO,2012,5580822,2827621.0,2661407.0,7.4,58630,45.0,0.508980240940286,63.1,8881842.0,1117215,2859174,3201542,1703911,0.5066674765831987,0.47688440878422567,True
OKLAHOMA,2012,1334872,443547.0,891325.0,5.1,63960,46.0,0.5357112369461913,52.4,2878225.0,390610,986894,966867,533854,0.3322768025698344,0.6677231974301656,False
OREGON,2012,1789270,970488.0,754175.0,8.7,68410,47.0,0.522367526659191,67.6,3038820.0,365741,1042246,1052242,578591,0.54239326652769,0.42149871176513326,True
PENNSYLVANIA,2012,5742040,2990274.0,2680434.0,7.6,68580,45.0,0.5071652321331264,61.6,10028672.0,1269030,3129157,3589219,2041266,0.520768577021407,0.46680866033674445,True
RHODE ISLAND,2012,446052,279677.0,157204.0,10.3,74070,46.0,0.5048832713296516,62.5,837360.0,121073,261914,295272,159101,0.6270053715710276,0.35243424533462464,True
SOUTH CAROLINA,2012,1964118,865941.0,1071645.0,9.0,58660,47.0,0.4998893164078387,64.7,3642366.0,485929,1196202,1264365,695870,0.4408803340736147,0.5456113125586141,False
SOUTH DAKOTA,2012,363815,145039.0,210610.0,4.0,65290,46.0,0.5307036341058693,61.0,628263.0,84273,204292,218796,120902,0.3986614075835246,0.5788931187554114,False
TENNESSEE,2012,2458577,960709.0,1462330.0,7.9,56810,45.0,0.5391096335281867,55.7,4963555.0,626530,1685703,1734111,917211,0.39075814993795194,0.5947871471993759,False
TEXAS,2012,7993851,3308124.0,4569843.0,6.7,68610,44.0,0.5630400749428891,53.8,19091847.0,2682744,7319581,6251031,2838491,0.41383358283760857,0.5716697746805639,False
UTAH,2012,1017440,251813.0,740600.0,4.8,77080,42.0,0.5326083822748788,57.0,1965293.0,327484,800908,566180,270721,0.2474966582796037,0.727905331026891,False
VERMONT,2012,299290,199239.0,92698.0,4.8,73440,49.0,0.5205892066094997,63.3,501447.0,66684,145056,191573,98134,0.665705503023823,0.3097263523672692,True
VIRGINIA,2012,3854489,1971820.0,1822522.0,5.8,85390,45.0,0.5183849581307562,66.9,6324832.0,817174,2233144,2212328,1062186,0.5115645679621864,0.4728310289638912,True
WASHINGTON,2012,3125516,1755396.0,1290670.0,8.5,82160,46.0,0.5192205673475674,65.6,5309617.0,666981,1888827,1849302,904507,0.5616339829967276,0.4129462143210913,True
WEST VIRGINIA,2012,670440,238269.0,417655.0,7.2,57540,46.0,0.479368458154651,47.8,1472927.0,172607,453209,535304,311807,0.3553919813853589,0.6229565658373606,False
WISCONSIN,2012,3071434,1620985.0,1410966.0,6.9,70130,45.0,0.5061289618427162,73.6,4403862.0,558754,1428312,1596511,820285,0.5277616253515459,0.4593834671361976,True
WYOMING,2012,249061,69286.0,170962.0,5.4,75990,47.0,0.48707119250104564,58.9,440175.0,57840,149260,157268,75807,0.27818887742360304,0.6864262168705658,False
ALABAMA,2016,2123367,729547.0,1318250.0,5.8,60290,47.0,0.49283451638164044,57.4,3766363.0,462098,1231213,1289047,784005,0.343580266623716,0.6208300307954301,False
ALASKA,2016,318398,116454.0,163387.0,6.6,75720,47.0,0.5201406163521247,61.3,555432.0,74647,213139,189347,78299,0.36574978486045767,0.513153348953197,False
ARIZONA,2016,2604277,1161167.0,1252401.0,5.5,72900,48.0,0.5039755788189725,60.4,5308398.0,678647,1796394,1675892,1157465,0.44586923741214934,0.4809016091606231,False
ARKANSAS,2016,1129896,380494.0,684872.0,4.0,58610,46.0,0.519395704432595,58.7,2285361.0,283524,757797,756484,487556,0.336751347026629,0.6061372020079724,False
CALIFORNIA,2016,14181595,8753788.0,4483810.0,5.5,85080,46.0,0.5371923740449952,57.9,30060643.0,3842114,11083646,9826109,5308774,0.6172639960455788,0.3161710653843943,True
COLORADO,2016,2780220,1338870.0,1202484.0,3.1,90090,46.0,0.5434544870933549,69.5,4279740.0,522781,1600542,1416650,739767,0.48156980382847403,0.4325139737143104,True
CONNECTICUT,2016,1647536,897572.0,673215.0,4.9,96930,48.0,0.5011646333314241,63.9,2827529.0,351264,861549,1027638,587078,0.5447965932155655,0.4086192957240388,True
DELAWARE,2016,442997,235603.0,185127.0,4.5,74110,48.0,0.5045902783095524,62.3,745946.0,85192,236361,257286,167107,0.5318388160642171,0.41789673519233766,True
DISTRICT OF COLUMBIA,2016,311268,282830.0,12723.0,6.2,90620,36.0,0.4693677232939577,74.3,565995.0,75358,260694,147868,82075,0.9086382152999987,0.040874744593083774,True
FLORIDA,2016,9420039,4504975.0,4617886.0,4.9,65340,49.0,0.5035269329516594,59.5,16463604.0,1752476,5170022,5475756,4065350,0.4782331580580505,0.49021941416590736,False
GEORGIA,2016,4114711,1877963.0,2089104.0,5.4,68340,45.0,0.5276103421556246,60.2,7797409.0,1004459,2788434,2650097,1354419,0.45640216287365015,0.507715851732965,False
HAWAII,2016,428937,266891.0,128847.0,2.9,92090,47.0,0.5313392868749106,47.3,1121290.0,127826,385529,361498,246437,0.6222149173421738,0.3003867700851174,True
IDAHO,2016,690433,189765.0,409055.0,3.7,72220,47.0,0.5239121740634954,62.1,1245890.0,158251,428908,406260,252471,0.27484926126068715,0.5924615422495738,False
ILLINOIS,2016,5558707,3090729.0,2146015.0,5.9,78370,44.0,0.5252441559327169,63.8,9890300.0,1210828,3423669,3363279,1892524,0.5560158144690842,0.38606370150468444,True
INDIANA,2016,2734958,1033126.0,1557286.0,4.4,71620,45.0,0.4978634166030518,58.3,5061086.0,665324,1671886,1729262,994614,0.37774839686752043,0.5694003344841128,False
IOWA,2016,1566031,653669.0,800983.0,3.6,75450,44.0,0.49586287797061074,63.4,2401985.0,322681,761876,804851,512577,0.4174048917294741,0.5114732722404601,False
KANSAS,2016,1184403,427005.0,671018.0,4.0,72530,46.0,0.5317606405203663,61.3,2195387.0,299979,734448,724518,436442,0.3605234029295772,0.5665453397196731,False
KENTUCKY,2016,1924149,628854.0,1202971.0,5.1,57920,45.0,0.463932666515436,57.0,3427691.0,419957,1129780,1186365,691589,0.3268218833364776,0.6251963855190009,False
LOUISIANA,2016,2029032,780154.0,1178638.0,6.0,53870,45.0,0.5575172768131414,61.6,3566136.0,442366,1253274,1193025,677471,0.3844956609851397,0.580886846535688,False
MAINE,2016,747927,357735.0,335593.0,3.8,64930,50.0,0.5074107167788233,72.7,1077640.0,110768,307468,400978,258426,0.47830202680208095,0.4486975333154171,True
MARYLAND,2016,2781446,1677928.0,943169.0,4.2,94170,46.0,0.49564636111206334,65.8,4660365.0,542261,1591516,1650436,876152,0.6032574423519277,0.3390930472854767,True
MASSACHUSETTS,2016,3274555,1995196.0,1090893.0,4.0,92260,46.0,0.5008274285799719,66.7,5448399.0,702092,1790012,1879270,1077025,0.6093029434533853,0.33314236590926094,True
MICHIGAN,2016,4799284,2268839.0,2279543.0,5.0,72890,47.0,0.48007049193274254,64.3,7759193.0,987682,2410700,2743130,1617681,0.4727453095086684,0.47497564219996147,False
MINNESOTA,2016,2944813,1367716.0,1322951.0,3.9,89650,45.0,0.5258423996436802,68.7,4232500.0,507340,1428324,1466933,829903,0.4644491857377701,0.4492478809350543,True
MISSISSIPPI,2016,1209357,485131.0,700714.0,6.0,52470,45.0,0.459823129669393,67.7,2268992.0,298699,759607,761311,449375,0.40114788271784096,0.5794103808883564,False
MISSOURI,2016,2807381,1071068.0,1594511.0,4.6,70240,45.0,0.5150107058973338,64.8,4704359.0,578280,1541799,1603211,981069,0.3815185754979463,0.5679710021546772,False
MONTANA,2016,497147,177709.0,279240.0,4.3,72870,50.0,0.5416957246368246,65.9,814043.0,100059,253058,277689,183237,0.35745765337012997,0.5616849744642932,False
NEBRASKA,2016,844227,284494.0,495961.0,3.1,75800,44.0,0.5308851065620332,66.8,1432477.0,191947,484424,469777,286329,0.33698756377135536,0.5874735112712576,False
NEVADA,2016,1125385,539260.0,512058.0,5.8,70770,48.0,0.5145190594503034,60.5,2243667.0,246151,810748,748175,438593,0.4791782367811904,0.4550069531760242,True
NEW HAMPSHIRE,2016,744296,348526.0,345790.0,2.9,97360,49.0,0.5071786960550441,69.0,1080995.0,129636,315510,408552,227297,0.46826262669690555,0.46458666981953417,True
NEW JERSEY,2016,3874046,2148278.0,1601933.0,4.9,87410,46.0,0.5589792010266046,61.5,6901215.0,777950,2265494,2478655,1379116,0.554530844496942,0.4135038665002945,True
NEW MEXICO,2016,798319,385234.0,319667.0,6.8,61860,50.0,0.4516802379035628,54.8,1597519.0,202749,528214,526204,340352,0.48255647178634103,0.40042514333242724,True
NEW YORK,2016,7707363,4547562.0,2814589.0,4.9,78440,44.0,0.48582750873575303,57.2,15484821.0,1862443,5304315,5245061,3073002,0.5900282625847517,0.3651818397550498,True
NORTH CAROLINA,2016,4741564,2189316.0,2362631.0,5.1,68640,46.0,0.5136610630859587,67.5,7865840.0,982478,2631402,2682149,1569811,0.46172866168209475,0.49828094696180414,False
NORTH DAKOTA,2016,344360,93758.0,216794.0,3.0,76840,43.0,0.5133325739375363,64.2,580427.0,89045,201216,180375,109791,0.27226739458706006,0.629556278313393,False
OHIO,2016,5496487,2394164.0,2841005.0,5.0,68920,46.0,0.5005611814103632,63.6,9020824.0,1084349,2890339,3154830,1891306,0.4355807627672002,0.5168765067578619,False
OKLAHOMA,2016,1452992,420375.0,949136.0,4.6,65040,47.0,0.5349043582423183,56.6,2965187.0,385213,1026107,964601,589266,0.2893168028454389,0.6532286481962736,False
OREGON,2016,2001336,1002106.0,782403.0,4.8,75500,47.0,0.5146412089838216,66.3,3222280.0,364157,1113650,1062706,681767,0.5007185200286208,0.39094035184496756,True
PENNSYLVANIA,2016,6115402,2926441.0,2970733.0,5.3,77850,46.0,0.5015642998472436,62.6,10112196.0,1191279,3153506,3540593,2226818,0.4785361616456285,0.4857788580374602,False
RHODE ISLAND,2016,464144,252525.0,180543.0,5.2,78550,47.0,0.5027984907177707,60.6,848635.0,114468,267005,293603,173559,0.5440660657037472,0.3889805749939674,True
SOUTH CAROLINA,2016,2103027,855373.0,1155389.0,4.9,69370,48.0,0.49674131813996564,62.1,3864117.0,471784,1254347,1307651,830335,0.4067341978966509,0.5493933268569543,False
SOUTH DAKOTA,2016,370093,117458.0,227721.0,3.0,73350,45.0,0.5305774424031034,59.1,649904.0,84122,212141,216998,136643,0.3173742815994899,0.615307503789588,False
TENNESSEE,2016,2508027,870695.0,1522925.0,4.7,65550,46.0,0.5274211955278065,54.0,5147093.0,614375,1728741,1759269,1044708,0.34716332798650096,0.6072203369421462,False
TEXAS,2016,8969226,3877868.0,4685047.0,4.6,74240,45.0,0.5556142282939195,55.4,20593255.0,2772171,7865137,6627841,3328106,0.4323525798101196,0.5223468557933538,False
UTAH,2016,1131430,310676.0,515231.0,3.3,86150,42.0,0.5270265861528971,62.7,2122960.0,341096,859637,602396,319831,0.274587027036582,0.4553803593682331,False
VERMONT,2016,315077,178573.0,95369.0,3.1,77670,51.0,0.5231537771713715,62.5,506098.0,67867,142026,183257,112948,0.5667598713965157,0.3026847405554833,True
VIRGINIA,2016,3984631,1981473.0,1769443.0,4.0,84840,46.0,0.5056473405165042,68.2,6545777.0,810114,2264192,2240478,1230993,0.4972789199301014,0.44406696630127107,True
WASHINGTON,2016,3209214,1742718.0,1221747.0,5.2,89770,46.0,0.5168519796642438,66.3,5665071.0,659579,2039744,1893238,1072510,0.5430357713757948,0.3806997601281809,True
WEST VIRGINIA,2016,713051,188794.0,489371.0,6.1,56630,46.0,0.4701978771937416,50.8,1457990.0,162666,441321,508773,345230,0.26476928017771517,0.6863057481161936,False
WISCONSIN,2016,2975753,1381823.0,1404440.0,3.9,76370,46.0,0.50759445860352,70.5,4486270.0,562294,1415247,1585869,922860,0.46436078532055586,0.4719612145228451,False
WYOMING,2016,255849,55973.0,174419.0,5.3,73830,46.0,0.4862617079491003,64.8,446168.0,54911,152919,149918,88420,0.2187735734749794,0.6817263307654124,False
ALABAMA,2020,2323282,849624.0,1441170.0,6.4,65600,47.0,0.48564364988977526,60.5,3903317.0,467246,1270670,1299444,866058,0.36569990212122333,0.620316431668648,False
ALASKA,2020,357569,153778.0,189951.0,8.3,74750,46.0,0.517075770720284,63.8,552753.0,66886,214355,177674,93853,0.43006524614829583,0.5312289376316179,False
ARIZONA,2020,3385294,1672143.0,1661686.0,7.8,80470,49.0,0.504557579910606,71.9,5586526.0,673819,1876683,1724610,1311708,0.4939432143855157,0.4908542655379415,True
ARKANSAS,2020,1219069,423932.0,760647.0,6.1,60900,46.0,0.5069294150189014,54.0,2307885.0,277271,767630,745808,517280,0.34775061953014963,0.6239572985614432,False
CALIFORNIA,2020,17500881,11110250.0,6006429.0,10.1,93140,45.0,0.539876233177803,65.1,30617083.0,3620371,11326422,9826525,5844738,0.6348394689387351,0.3432072362528492,True
COLORADO,2020,3256980,1804352.0,1364607.0,6.8,100500,46.0,0.5457844297265056,67.6,4527486.0,529946,1724362,1420942,852340,0.553995419069199,0.41897923843560597,True
CONNECTICUT,2020,1823857,1080831.0,714717.0,8.0,95280,48.0,0.49759467361057186,66.6,2840085.0,324393,889175,996407,630124,0.5926073151568352,0.3918711828833072,True
DELAWARE,2020,504010,296268.0,200603.0,7.5,83990,50.0,0.49031749221721277,67.7,781789.0,83063,246550,259953,192262,0.5878216702049562,0.39801392829507354,True
DISTRICT OF COLUMBIA,2020,344356,317323.0,18586.0,8.0,105800,37.0,0.46962300073340396,84.0,544513.0,53660,266160,140778,83909,0.9214969392140692,0.05397321376714795,True
FLORIDA,2020,11067456,5297045.0,5668731.0,8.0,69280,49.0,0.5032696972077327,62.1,17314784.0,1742477,5422442,5659470,4490977,0.47861450725442234,0.5121981962250404,False
GEORGIA,2020,4998482,2474507.0,2461837.0,6.5,71090,46.0,0.5202386827074151,66.1,8184331.0,1010219,2900148,2740686,1533520,0.49505169769542035,0.49251692813938314,True
HAWAII,2020,574457,366127.0,196855.0,11.6,96950,48.0,0.5198940255977738,64.3,1144866.0,116648,389839,358861,279551,0.6373444835731831,0.3426801309758607,True
IDAHO,2020,867361,287021.0,554119.0,5.5,80030,47.0,0.5237026886949854,64.9,1391005.0,180792,476308,431989,301987,0.3309129647286424,0.6388562547774226,False
ILLINOIS,2020,6033744,3471915.0,2446891.0,9.3,89160,45.0,0.5244679055564497,68.4,9927450.0,1152306,3432809,3288816,2055438,0.5754163584003564,0.4055344409706477,True
INDIANA,2020,3033121,1242416.0,1729519.0,7.3,80130,46.0,0.49946568499444194,61.0,5186541.0,651992,1737439,1707382,1089869,0.409616365453274,0.570211013672056,False
IOWA,2020,1690871,759061.0,902009.0,5.2,82540,45.0,0.4973389350700157,70.5,2448970.0,316526,793852,782013,556692,0.44891715571442176,0.533458199945472,False
KANSAS,2020,1372303,570323.0,771406.0,5.8,87660,46.0,0.5261998408137107,65.7,2225585.0,296418,751934,701568,475744,0.41559553538832167,0.5621251283426474,False
KENTUCKY,2020,2134996,772285.0,1326418.0,6.5,68080,46.0,0.4684131325950776,68.5,3481776.0,408413,1151130,1169067,753298,0.36172667302421174,0.6212742318955164,False
LOUISIANA,2020,2148062,856034.0,1255776.0,8.6,61390,46.0,0.5354863915981593,61.9,3547760.0,421017,1244563,1144713,737593,0.39851456801526214,0.5846088241400853,False
MAINE,2020,822534,430473.0,359899.0,5.1,76400,50.0,0.5013482450155218,71.3,1110478.0,106725,324400,388727,290678,0.5233497946589442,0.4375490861168049,True
MARYLAND,2020,3037031,1985023.0,976414.0,6.5,113700,47.0,0.49012669016876736,73.6,4789826.0,523966,1650503,1641935,973152,0.6536064333883981,0.321502809816561,True
MASSACHUSETTS,2020,3658005,2382202.0,1167202.0,9.3,105300,46.0,0.4974443027780089,66.3,5605814.0,662475,1885008,1871562,1186724,0.6512298370286536,0.3190815758863096,True
MICHIGAN,2020,5539302,2804040.0,2649852.0,10.0,77240,48.0,0.4813618623113038,66.9,7891007.0,939419,2511840,2662899,1777224,0.5062081829082437,0.4783729069113762,True
MINNESOTA,2020,3277171,1717077.0,1484065.0,6.3,94460,45.0,0.523667685442779,77.9,4379415.0,496973,1511640,1439538,931323,0.5239509930974001,0.4528494240916937,True
MISSISSIPPI,2020,1313759,539398.0,756764.0,7.9,54140,46.0,0.44046574286667295,70.3,2259217.0,283120,748298,741761,486126,0.41057606455978607,0.5760295457538255,False
MISSOURI,2020,3025962,1253014.0,1718736.0,6.1,74580,46.0,0.5083086014009229,66.8,4760761.0,559288,1587796,1559036,1054847,0.4140878173618836,0.5679965577888949,False
MONTANA,2020,603640,244786.0,343602.0,5.8,68060,48.0,0.5440416995301944,73.5,853145.0,97841,275468,269755,210109,0.40551653303293356,0.569216751706315,False
NEBRASKA,2020,951712,374583.0,556846.0,4.3,86660,44.0,0.5235780392877938,65.2,1475098.0,189626,507342,463815,314416,0.39358860663730205,0.5850992737298678,False
NEVADA,2020,1404911,703314.0,669608.0,13.5,73360,48.0,0.5191768327612348,61.5,2419225.0,249702,873086,790014,506802,0.5006110707368652,0.4766195153999079,True
NEW HAMPSHIRE,2020,803833,424937.0,365660.0,6.7,106600,50.0,0.4989911680032673,74.0,1119426.0,123175,337048,400215,259025,0.5286384112122792,0.4548954820217632,True
NEW JERSEY,2020,4549353,2608335.0,1883274.0,9.5,102600,46.0,0.5537703967416208,78.3,7221506.0,778303,2401008,2525795,1516598,0.5733419675281298,0.41396523857348505,True
NEW MEXICO,2020,923965,501614.0,401894.0,7.9,61060,50.0,0.453958261976324,62.6,1641821.0,196253,544059,513572,388025,0.5428928584957222,0.43496669246129455,True
NEW YORK,2020,8661735,5230985.0,3244798.0,9.8,82350,45.0,0.4835429411222525,64.7,15891917.0,1771676,5491082,5252848,3376464,0.603918845358349,0.3746129384009093,True
NORTH CAROLINA,2020,5524802,2684292.0,2758773.0,7.2,72480,47.0,0.509252210658332,64.7,8130487.0,971558,2716920,2712255,1729554,0.4858621177736324,0.4993433248829551,False
NORTH DAKOTA,2020,361819,114902.0,235595.0,5.0,76900,43.0,0.5113321130003208,67.1,593123.0,84383,211554,174201,123003,0.31756762359080093,0.6511404873707572,False
OHIO,2020,5922202,2679165.0,3154834.0,8.2,72420,47.0,0.5007116274987077,70.1,9165786.0,1051106,2994426,3063174,2057471,0.45239338340705026,0.5327130010087464,False
OKLAHOMA,2020,1560699,503890.0,1020280.0,6.3,62940,47.0,0.5253532696632011,58.3,3002194.0,384371,1045545,943277,629116,0.32286174335986634,0.6537327184806295,False
OREGON,2020,2374321,1340383.0,958448.0,7.6,92180,47.0,0.5172460953527175,74.1,3370836.0,359458,1184987,1055849,770656,0.5645331865404888,0.4036724604634335,True
PENNSYLVANIA,2020,6915283,3458229.0,3377674.0,8.8,84910,46.0,0.5021152737951049,70.2,10293428.0,1140578,3288688,3444850,2419628,0.5000849567544814,0.4884361204017247,True
RHODE ISLAND,2020,517757,307486.0,199922.0,9.2,96170,48.0,0.5132251212482839,66.3,884784.0,111778,285126,293845,194071,0.5938809132469479,0.3861309455980315,True
SOUTH CAROLINA,2020,2513329,1091541.0,1385103.0,6.0,72380,48.0,0.4881066473397919,63.4,4013268.0,465349,1296436,1321269,930295,0.43430088142061785,0.5511029395674024,False
SOUTH DAKOTA,2020,422609,150471.0,261043.0,4.1,84190,45.0,0.5179134824370749,58.5,668771.0,81174,222109,212072,153465,0.3560525213613529,0.6176938967225024,False
TENNESSEE,2020,3053851,1143711.0,1852475.0,7.4,65940,46.0,0.525587761200527,66.4,5372846.0,618336,1826600,1783362,1144787,0.37451434271023704,0.6066029416628381,False
TEXAS,2020,11315056,5259126.0,5890347.0,7.7,82050,44.0,0.5471766817141104,63.9,21773104.0,2807406,8271216,6920190,3778098,0.4647900991387051,0.5205760360355265,False
UTAH,2020,1495354,560282.0,865139.0,4.8,100700,42.0,0.5350487388013447,63.6,2334123.0,372962,935814,653038,372376,0.3746818479102607,0.5785512995584992,False
VERMONT,2020,370826,242826.0,112708.0,5.6,80670,51.0,0.517956146046651,68.4,524282.0,64645,152598,177318,129757,0.6548246347343498,0.30393769584656954,True
VIRGINIA,2020,4462600,2413568.0,1962430.0,6.5,98610,46.0,0.4988116301691981,71.5,6729249.0,795935,2330114,2233015,1370442,0.5408434544884149,0.4397503697396137,True
WASHINGTON,2020,4087631,2369612.0,1584651.0,8.7,97580,46.0,0.5114016189311729,71.5,6029553.0,662324,2247481,1900037,1219947,0.5797030113530306,0.3876697774334327,True
WEST VIRGINIA,2020,794652,235984.0,545382.0,8.3,62340,48.0,0.4635233503097274,56.1,1429374.0,154652,428959,481284,364539,0.29696521244519614,0.6863155192461606,False
WISCONSIN,2020,3297352,1630673.0,1610065.0,6.4,80850,47.0,0.511852205360156,73.6,4606383.0,550317,1473538,1549567,1033154,0.4945401643500603,0.488290300823206,True
WYOMING,2020,278503,73491.0,193559.0,5.9,78500,48.0,0.4688629944924095,65.5,443829.0,51518,150077,141505,100758,0.26387866557990397,0.6949978994840271,False
ALABAMA,2024,2264972,772412.0,1462616.0,3.1,65560,,0.299,58.7,4022842.0,488175,1309411,1269355,955901,0.34102496631304935,0.6457545612042886,False
ALASKA,2024,338177,140026.0,184458.0,4.6,91260,,0.32799999999999996,62.1,565186.0,67634,221499,166847,109206,0.4140612756041954,0.5454480937497228,False
ARIZONA,2024,4693783,2145165.0,2461122.0,3.6,84700,,0.34700000000000003,61.7,5994209.0,727663,2029372,1748722,1488452,0.4570226190686702,0.5243365532663099,False
ARKANSAS,2024,2365352,793810.0,1518482.0,3.5,64840,,0.271,52.8,2386510.0,289139,797605,736924,562842,0.3355990989924544,0.6419687217800987,False
CALIFORNIA,2024,15862678,9276179.0,6081697.0,5.3,100600,,0.381,64.7,31012711.0,3651201,11304902,9534735,6521873,0.5847801361157303,0.3833966118457426,True
COLORADO,2024,3190873,1728159.0,1377441.0,4.3,106500,,0.478,70.1,4744328.0,551003,1825340,1392084,975901,0.54159441632431,0.4316815492186621,True
CONNECTICUT,2024,1759010,992053.0,736918.0,3.2,99240,,0.426,66.3,2947242.0,347520,942048,943471,714203,0.5639837181141665,0.4189390623134604,True
DELAWARE,2024,511697,289758.0,214351.0,3.7,85860,,0.36,69.8,838204.0,89979,260488,258709,229028,0.5662687098028716,0.4189022018890085,True
DISTRICT OF COLUMBIA,2024,328414,294185.0,21076.0,5.2,104800,,0.655,79.5,572419.0,70089,272451,138920,90959,0.8957748451649442,0.06417509606776813,True
FLORIDA,2024,10893752,4683038.0,6110125.0,3.4,75630,,0.358,60.3,18872523.0,1901378,5993139,5886744,5091262,0.42988292738810285,0.5608834311631108,False
GEORGIA,2024,5250047,2548017.0,2663117.0,3.5,81210,,0.363,64.4,8640127.0,1063702,3050106,2765978,1760341,0.4853322265495909,0.5072558398048627,False
HAWAII,2024,516701,313044.0,193661.0,3.0,98240,,0.37799999999999995,58.5,1152797.0,116860,381606,344007,310324,0.6058513531036325,0.3748028356825321,True
IDAHO,2024,905057,274972.0,605246.0,3.7,81650,,0.33,65.2,1533172.0,199067,523380,456318,354407,0.3038173286323403,0.6687379910878541,False
ILLINOIS,2024,5633310,3062863.0,2449079.0,5.0,84210,,0.392,65.9,10012697.0,1175497,3439308,3126594,2271298,0.543705743159883,0.43474955221708017,True
INDIANA,2024,2936677,1163603.0,1720347.0,4.2,76710,,0.307,60.7,5338189.0,672597,1795399,1656283,1213910,0.39623118238743993,0.5858141702339072,False
IOWA,2024,3347301,1413835.0,1854038.0,3.0,85480,,0.321,71.8,2510913.0,327279,817261,753994,612379,0.42238059857777954,0.5538904329189398,False
KANSAS,2024,1327591,544853.0,758802.0,3.6,87690,,0.36,70.7,2278027.0,306571,768814,674465,528177,0.4104072715166041,0.5715630792917397,False
KENTUCKY,2024,2074530,704043.0,1337494.0,5.1,64790,,0.27899999999999997,67.7,3562700.0,418240,1184972,1132793,826695,0.33937470173967116,0.6447214549801642,False
LOUISIANA,2024,2974974,1133303.0,1799142.0,4.4,60740,,0.278,58.0,3531346.0,423036,1212754,1081029,814527,0.38094551414566985,0.6047588987332326,False
MAINE,2024,824806,430342.0,376991.0,3.1,90730,,0.371,67.1,1157930.0,112833,346624,368208,330265,0.5217493568184518,0.45706626770416314,True
MARYLAND,2024,3038334,1902577.0,1035550.0,3.0,109700,,0.447,71.1,4891983.0,535704,1673990,1580289,1102000,0.6261908664419382,0.34082823020773884,True
MASSACHUSETTS,2024,3473668,2126518.0,1251303.0,4.0,113900,,0.483,68.9,5780452.0,710415,1951360,1781743,1336934,0.6121822810930694,0.3602252719603601,True
MICHIGAN,2024,5664186,2736533.0,2816636.0,4.7,79460,,0.33299999999999996,72.3,8031116.0,937461,2597136,2510596,1985923,0.48312908509713487,0.49727109950132287,False
MINNESOTA,2024,3253920,1656979.0,1519032.0,3.0,92350,,0.4,75.9,4494094.0,517817,1539910,1379220,1057147,0.5092254880267493,0.46683139106062843,True
MISSISSIPPI,2024,1228008,466668.0,747744.0,3.2,55980,,0.27,68.9,2268423.0,286671,739982,712983,528787,0.3800203256004847,0.6089080852893467,False
MISSOURI,2024,2995327,1200599.0,1751986.0,3.7,78390,,0.335,69.5,4873374.0,571880,1632548,1499363,1169583,0.40082401687695535,0.5849064225708912,False
MONTANA,2024,602963,231906.0,352079.0,3.0,81920,,0.363,69.2,904578.0,102571,296749,265907,239351,0.38461066433595426,0.583914767572803,False
NEBRASKA,2024,947159,369995.0,564816.0,2.8,86140,,0.354,67.4,1521153.0,201031,521381,449292,349449,0.3906366301750815,0.5963264879497528,False
NEVADA,2024,1484840,705197.0,751205.0,5.6,80590,,0.285,66.9,2579031.0,261935,934830,806300,575966,0.47493130572991027,0.505916462379785,False
NEW HAMPSHIRE,2024,826189,418488.0,395523.0,2.6,111800,,0.415,71.9,1159668.0,119795,359471,377058,303344,0.5065281672837572,0.478731864016587,True
NEW JERSEY,2024,4272725,2220713.0,1968215.0,4.5,103500,,0.445,72.5,7455868.0,804545,2509330,2435891,1706102,0.5197416168838388,0.4606463088544196,True
NEW MEXICO,2024,920922,478802.0,423391.0,4.1,64140,,0.318,66.0,1682353.0,204285,557952,490535,429581,0.5199159103594007,0.45974686238356777,True
NEW YORK,2024,8262495,4619195.0,3578899.0,4.3,86830,,0.41200000000000003,59.2,15884969.0,1788344,5409303,4932770,3754552,0.5590557089595818,0.4331499141603111,True
NORTH CAROLINA,2024,5699141,2715375.0,2898423.0,3.6,67220,,0.371,64.6,8685722.0,1051378,2921820,2738455,1974069,0.4764533813078146,0.5085719058363357,False
NORTH DAKOTA,2024,368155,112327.0,246505.0,2.4,88080,,0.34,71.2,611305.0,90723,216881,165937,137764,0.3051079029213239,0.669568524127066,False
OHIO,2024,5767788,2533699.0,3180116.0,4.3,80520,,0.324,67.4,9308934.0,1058339,3090107,2890949,2269539,0.4392843495634722,0.5513579902728741,False
OKLAHOMA,2024,3132346,999198.0,2072426.0,3.3,65310,,0.293,59.7,3129179.0,404558,1098672,934066,691883,0.3189934956099997,0.6616210342024795,False
OREGON,2024,2244493,1240600.0,919480.0,4.2,89700,,0.37799999999999995,75.3,3446156.0,366720,1200066,1028566,850804,0.5527306166693324,0.4096604444745428,True
PENNSYLVANIA,2024,14068412,6846084.0,7086616.0,3.6,80060,,0.364,69.7,10448930.0,1185695,3370876,3226427,2665932,0.4866280572391539,0.5037253671558666,False
RHODE ISLAND,2024,511816,283750.0,214291.0,4.3,92290,,0.39,70.0,907717.0,111508,300429,277181,218599,0.5543984556950154,0.4186875752223455,True
SOUTH CAROLINA,2024,7644420,2056904.0,2967494.0,4.1,76780,,0.33299999999999996,62.7,4326760.0,499753,1395738,1354324,1076945,0.26907260459263094,0.3881908634010167,False
SOUTH DAKOTA,2024,428922,146859.0,272081.0,1.8,79850,,0.342,58.9,703963.0,86464,233363,210336,173800,0.34239092422398476,0.6343367791812964,False
TENNESSEE,2024,3063942,1056265.0,1966865.0,3.4,75860,,0.324,64.8,5645233.0,647077,1935902,1784295,1277959,0.3447405336001791,0.6419393709149847,False
TEXAS,2024,50534517,8746992.0,11507322.0,4.1,81490,,0.35200000000000004,57.9,23625608.0,3072175,9000743,7189978,4362712,0.17308945487695074,0.2277121200149197,False
UTAH,2024,1488494,562566.0,883818.0,3.2,104000,,0.391,66.9,2569984.0,417924,1004680,714307,433073,0.3779430753499846,0.5937665855556018,False
VERMONT,2024,669861,210938.0,108055.0,2.3,85260,,0.451,71.7,535519.0,63480,158949,165469,147621,0.3148981654402928,0.1613095851228837,True
VIRGINIA,2024,4482576,2335395.0,2075085.0,2.9,97720,,0.433,72.9,6927764.0,814730,2391548,2174373,1547113,0.520993955261439,0.4629224356709178,True
WASHINGTON,2024,3924243,2245849.0,1530923.0,4.5,97500,,0.41,70.0,6303143.0,675175,2386166,1862213,1379589,0.5723012056083173,0.39011931727979127,True
WEST VIRGINIA,2024,1524780,214309.0,533556.0,4.1,63150,,0.244,59.5,1421615.0,156303,425293,452573,387446,0.14055076797964297,0.34992326761893516,False
WISCONSIN,2024,6845836,1668229.0,1697626.0,3.0,82560,,0.34600000000000003,72.2,4719976.0,564553,1509688,1477002,1168733,0.24368521244154842,0.247979355625814,False
WYOMING,2024,271123,69527.0,192633.0,3.2,78680,,0.32299999999999995,63.8,459626.0,54709,151746,137503,115668,0.256440803620497,0.7105004001873688,False
